{
  "mean_test_loss": 29.788852483034134,
  "mean_absolute_error": [
    7.88973331451416,
    0.43021947145462036,
    0.543156623840332
  ],
  "rmse": [
    9.484774589538574,
    0.5260544419288635,
    0.545321524143219
  ],
  "overall_rmse": 5.4934844970703125,
  "improvements": {
    "x": 