{
  "x_position_stats": {
    "mean": 9.71805299322256,
    "std": 5.612688269472195,
    "min": 0.0095177841814209,
    "max": 19.99048221581858,
    "range": 19.98096443163716
  },
  "csi_characteristics": {
    "magnitude_mean": 15.86781640625,
    "magnitude_std": 16.276208917198545,
    "phase_mean": 1.3086083305294829,
    "phase_std": 1.54876032841969
  },
  "error_metrics": {
    "mean_test_loss": 5.278291179663117,
    "mean_absolute_error": [
      2.9832797050476074,
      0.3172571361064911,
      0.01186384167522192
    ],
    "rmse": [
      3.9631564617156982,
      0.3837840259075165,
      0.015267208218574524
    ],
    "num_test_samples": 14277
  }
}