{"train_losses": [9.597842333566605, 8.403957392476913], "val_losses": [8.056140031127326, 7.652270049611117], "best_val_loss": 7.652270049611117}